{"cameraMode":{"drawMode":0,"name":"Shaded","section":"Shading Mode"},"sceneLighting":true,"audioPlay":false,"sceneViewState":{"showFog":true,"showMaterialUpdate":true,"showSkybox":true,"showFlares":true,"showImageEffects":true,"showParticleSystems":true},"in2DMode":false,"pivot":{"x":17.530773162841798,"y":54.341468811035159,"z":-89.74482727050781},"rotation":{"x":0.30678096413612368,"y":-0.03282814472913742,"z":0.010586827993392945,"w":0.9511575102806091},"size":-18.25385093688965,"orthographic":false}