{"cameraMode":{"drawMode":0,"name":"Shaded","section":"Shading Mode"},"sceneLighting":false,"audioPlay":false,"sceneViewState":{"showFog":true,"showMaterialUpdate":false,"showSkybox":false,"showFlares":true,"showImageEffects":true,"showParticleSystems":true},"in2DMode":false,"pivot":{"x":0.1737545132637024,"y":2.6638882160186769,"z":0.15333274006843568},"rotation":{"x":0.14720778167247773,"y":-0.437566876411438,"z":0.07286091148853302,"w":0.8840571641921997},"size":0.3674235939979553,"orthographic":false}