{"cameraMode":{"drawMode":0,"name":"Shaded","section":"Shading Mode"},"sceneLighting":true,"audioPlay":false,"sceneViewState":{"showFog":true,"showMaterialUpdate":true,"showSkybox":true,"showFlares":true,"showImageEffects":true,"showParticleSystems":true},"in2DMode":false,"pivot":{"x":1.4824556112289429,"y":1.9631285667419434,"z":-80.56402587890625},"rotation":{"x":0.23228110373020173,"y":-0.5440975427627564,"z":0.15994055569171906,"w":0.7902094721794128},"size":0.3073950409889221,"orthographic":false}