{"cameraMode":{"drawMode":0,"name":"Shaded","section":"Shading Mode"},"sceneLighting":true,"audioPlay":false,"sceneViewState":{"showFog":true,"showMaterialUpdate":true,"showSkybox":true,"showFlares":true,"showImageEffects":true,"showParticleSystems":true},"in2DMode":false,"pivot":{"x":0.6651965975761414,"y":2.0293030738830568,"z":-78.10761260986328},"rotation":{"x":0.020919160917401315,"y":-0.9745641350746155,"z":0.19795796275138856,"w":0.10299928486347199},"size":0.3073950409889221,"orthographic":false}