{"cameraMode":{"drawMode":0,"name":"Shaded","section":"Shading Mode"},"sceneLighting":true,"audioPlay":false,"sceneViewState":{"showFog":true,"showMaterialUpdate":false,"showSkybox":true,"showFlares":true,"showImageEffects":true,"showParticleSystems":true},"in2DMode":false,"pivot":{"x":6.1044440269470219,"y":3.484403610229492,"z":-42.53398132324219},"rotation":{"x":-0.10159382969141007,"y":0.49311771988868716,"z":-0.058114148676395419,"w":-0.8620535731315613},"size":5.033570766448975,"orthographic":false}