{"cameraMode":{"drawMode":0,"name":"Shaded","section":"Shading Mode"},"sceneLighting":true,"audioPlay":false,"sceneViewState":{"showFog":true,"showMaterialUpdate":false,"showSkybox":true,"showFlares":true,"showImageEffects":true,"showParticleSystems":true},"in2DMode":false,"pivot":{"x":225.65740966796876,"y":129.08663940429688,"z":5.5255126953125},"rotation":{"x":0.07792117446660996,"y":0.001495308242738247,"z":-0.00011727539822459221,"w":0.99696284532547},"size":305.2476806640625,"orthographic":false}