{"cameraMode":{"drawMode":0,"name":"Shaded","section":"Shading Mode"},"sceneLighting":true,"audioPlay":false,"sceneViewState":{"showFog":true,"showMaterialUpdate":false,"showSkybox":true,"showFlares":true,"showImageEffects":true,"showParticleSystems":true},"in2DMode":false,"pivot":{"x":-15.033326148986817,"y":2.4527225494384767,"z":-32.01291275024414},"rotation":{"x":-0.0009423327865079045,"y":0.7780714631080627,"z":-0.0011673709377646447,"w":-0.6281716823577881},"size":-2.6393423080444338,"orthographic":false}