{"cameraMode":{"drawMode":0,"name":"Shaded","section":"Shading Mode"},"sceneLighting":false,"audioPlay":false,"sceneViewState":{"showFog":true,"showMaterialUpdate":false,"showSkybox":true,"showFlares":true,"showImageEffects":true,"showParticleSystems":true},"in2DMode":false,"pivot":{"x":6.175957679748535,"y":-2.438892364501953,"z":18.96620750427246},"rotation":{"x":-0.11391803622245789,"y":-0.19303278625011445,"z":0.022593330591917039,"w":-0.9743131399154663},"size":12.670065879821778,"orthographic":false}