{"cameraMode":{"drawMode":0,"name":"Shaded","section":"Shading Mode"},"sceneLighting":false,"audioPlay":false,"sceneViewState":{"showFog":true,"showMaterialUpdate":false,"showSkybox":true,"showFlares":true,"showImageEffects":true,"showParticleSystems":true},"in2DMode":false,"pivot":{"x":-1.5140734910964966,"y":0.9828365445137024,"z":7.45010232925415},"rotation":{"x":-0.014208423905074597,"y":-0.9843355417251587,"z":0.14816264808177949,"w":-0.0944962427020073},"size":1.696446418762207,"orthographic":false}